,Metric,MC_LBP_SVM-TS-0.2,MC_TAS_SVM-TS-0.2,MC_RDWT_Haralick_SVM-TS-0.2,MC_LBP_SVM-TS-0.4,MC_TAS_SVM-TS-0.4,MC_RDWT_Haralick_SVM-TS-0.4,MC_LBP_SVM-TS-0.6,MC_TAS_SVM-TS-0.6,MC_RDWT_Haralick_SVM-TS-0.6,MC_LBP_SVM-TS-0.8,MC_TAS_SVM-TS-0.8
0,APCER,0.03571428571428571,0.0,0.0,0.017857142857142856,0.0,0.0,0.0,0.0,0.0,0.0,0.0
1,BPCER,0.0,0.0,0.010309278350515464,0.0,0.0,0.0,0.0,0.0,0.0,0.0,0.0
2,ACER,0.017857142857142856,0.0,0.005154639175257732,0.008928571428571428,0.0,0.0,0.0,0.0,0.0,0.0,0.0
3,AUC ROC,0.9821428571428572,1.0,0.9948453608247423,0.9910714285714286,1.0,1.0,1.0,1.0,1.0,1.0,1.0
4,Precision,1.0,1.0,0.9824561403508771,1.0,1.0,1.0,1.0,1.0,1.0,1.0,1.0
5,Recall,0.9642857142857143,1.0,1.0,0.9821428571428571,1.0,1.0,1.0,1.0,1.0,1.0,1.0
6,F1-Measure,0.9818181818181818,1.0,0.9911504424778761,0.9909909909909909,1.0,1.0,1.0,1.0,1.0,1.0,1.0
