,Metric,MC_TAS_SVM-TS-0.05,MC_TAS_SVM-TS-0.1
0,APCER,0.0,0.0
1,BPCER,0.041237113402061855,0.0
2,ACER,0.020618556701030927,0.0
3,AUC ROC,0.9793814432989691,1.0
4,Precision,0.9333333333333333,1.0
5,Recall,1.0,1.0
6,F1-Measure,0.9655172413793104,1.0
